audio,transcription
"<audio controls src=""/content/converted_wavs/converted_wav_files/audio49.wav""></audio>",ವಿಜ್ಞಾನ ಮತ್ತು ತಂತ್ರಜ್ಞಾನದ ಬಳಕೆಯಿಂದ ನಮ್ಮ ಜೀವನದಲ್ಲಿ ಸುಲಭತೆ ಮತ್ತು ಗುಣಮಟ್ಟ ಹೆಚ್ಚುವ ಸಾಧ್ಯತೆ ಇದೆ
"<audio controls src=""/content/converted_wavs/converted_wav_files/audio31.wav""></audio>",ಶಿಕ್ಷಣ ಕ್ಷೇತ್ರದಲ್ಲಿ ನವಿನ ತಂತ್ರಜ್ಞಾನಗಳನ್ನು ಅಳವಡಿಸುವ ಮೂಲಕ ಬೋಧನೆಯ ಗುಣಮಟ್ಟವನ್ನು ಉತ್ತಮಗೊಳಿಸುವ ಪ್ರಯತ್ನಗಳನ್ನು ಪ್ರಪಂಚಾದಿಂದ ನಡೆಯುತ್ತಿದೆ
"<audio controls src=""/content/converted_wavs/converted_wav_files/audio41.wav""></audio>",ಇಂದಿನ ಯುಗದಲ್ಲಿ ಡಿಜಿಟರ್ ತಂತ್ರಜ್ಞಾನವು ನಮ್ಮ ಸಂವಾಹನ ಪದ್ದತಿ ವ್ಯವಹಾರ ಮಾದರಿ ಹಾಗೂ ಜೀವನ ಶೈಲಿಯಲ್ಲಿ ಬೃಹತ್ತಾದ ಬದಲಾವಣೆಗಳನ್ನು ತರುತ್ತಿದೆ
"<audio controls src=""/content/converted_wavs/converted_wav_files/audio21.wav""></audio>",ಶಾಲಾ ಶಿಕ್ಷಣದ ಜೊತೆಗೆ ಬದುಕಿನಲ್ಲಿ ಸಕಾರಾತ್ಮಕ ಚಿಂತನೆಯನ್ನು ಬೆಳೆಸುವುದು ವ್ಯಕ್ತಿತ್ವ ಅಭಿವೃದ್ಧಿಗೆ ಬಹುಮುಖ್ಯವಾಗಿದೆ
"<audio controls src=""/content/converted_wavs/converted_wav_files/audio43.wav""></audio>",ಉತ್ತಮ ಆರೋಗ್ಯವನ್ನು ಕಾಪಾಡಿಕೊಳ್ಳಲು ಶ್ರಮತೋಲನಪೂರ್ಣ ಆಹಾರ ನಿಥ್ಯವಾದ ವ್ಯಾಯಾಮ ಹಾಗೂ ಮಧ್ಯುಗಳ ಸಮಂಜಸಾ ಬಳಕೆ ಅಗತ್ಯವಾಗಿದೆ
"<audio controls src=""/content/converted_wavs/converted_wav_files/audio3.wav""></audio>",ಬದಲಾಯುತ್ತಿರುವ ತಂತ್ರಜ್ಞಾನ ಮತ್ತು ಡಿಜಿಟಲ್ ಜಗತ್ತಿನಲ್ಲಿ ಮಕ್ಕಳಿಗೆ ತಂತ್ರ ಧ್ರಾಣದಾರಿಯೂ ಅನಿವಾರ್ಯವಾಗಿದೆ
"<audio controls src=""/content/converted_wavs/converted_wav_files/audio11.wav""></audio>",ಭಾರತೀಯ ಸಂವಿಧಾನವು ಪ್ರತಿ ನಾಗರಿಕನಿಗೂ ಸಮಾನ ಹಕ್ಕುಗಳನ್ನು ಒದಗಿಸುವ ಮೂಲಕ ನ್ಯಾಯ ಮತ್ತು ಸಮಾನತೀಯ ತತ್ವಗಳನ್ನು ಮುಂದಿಟ್ಟುಕೊಂಡಿದೆ
"<audio controls src=""/content/converted_wavs/converted_wav_files/audio46.wav""></audio>",ಸಮಗ್ರ ರಾಷ್ಟ್ರದ ಅಭಿವೃದ್ಧಿಗೆ ಶಿಕ್ಷಣ ಆರೋಗ್ಯ ಮತ್ತು ಮೂಲಭೂತ ಸೌಕರ್ಯಗಳ ಸಮತೋಲನ ಮತ್ತು ಸಮನ್ವಯ ಅವಶ್ಯಕವಾಗಿದೆ
"<audio controls src=""/content/converted_wavs/converted_wav_files/audio8.wav""></audio>",ನಾವು ಪ್ರತಿ ದಿನವು ಬೆಳಿಗ್ಗೆ ಹೇಳುವ ತಕ್ಷಣ 1 ಗಂಟೆಕಾಲ ಧ್ಯಾನ ಮತ್ತು ಯೋಗಯಾಭಾಸ್ಯವನ್ನು ಮಾಡುವ ಮೂಲಕ ನನ್ನ ಮನಸ್ಸಿಗೆ ಶಾಂತಿ ಮತ್ತು ದೈಹಿಕ ಆರೋಗ್ಯವನ್ನು ಒದಗಿಸುತ್ತೇವೆ
"<audio controls src=""/content/converted_wavs/converted_wav_files/audio20.wav""></audio>",ಸಾಗತಿಕ ತಾಪಮಾಣೆ ಏರಿಕೆಯಿಂದ ವಾತಾವರಣದಲ್ಲಿ ಉಂಟಾಗುತ್ತಿರುವ ಬದಲಾವಣೆಗಳು ಮನುಷ್ಯರು ಮಾತ್ರವಲ್ಲದೇ ಇತರ ಜೀವಿಗಳಿಗೂ ಬಾಡಿ ಪರಿಣಾಮ ಉಂಟಾಗುತ್ತಿವೆ
"<audio controls src=""/content/converted_wavs/converted_wav_files/audio14.wav""></audio>",ನಾವು ನಮ್ಮ ದೈನಂದಿನ ಜೀವನದಲ್ಲಿ ಪರಿಸರ-ಸ್ನೇಹಿ ಪದ್ಧತಿಗಳನ್ನು ಅಳವಡಿಸಿಕೊಳ್ಳುವುದರ ಮೂಲಕ ಭೂಮಿಯ ಭವಿಷ್ಯವನ್ನು ರಕ್ಷಿಸಬಹುದು
"<audio controls src=""/content/converted_wavs/converted_wav_files/audio42.wav""></audio>",ವರಿಸರ ಮಾಲಿನ್ಯವನ್ನು ತಡೆಗೆಟ್ಟಲು ಕೇವಲ ಸರ್ಕಾರದ ನೀತಿ ಮಾತ್ರವಲ್ಲದೇ ಪ್ರತಿ ನಾಗರಿಕನು ತನ್ನ ಹೊಣೆಗಾರಿಕೆಯನ್ನು ಅರಿತು ನಡೆದುಕೊಳ್ಳಬೇಕು
"<audio controls src=""/content/converted_wavs/converted_wav_files/audio5.wav""></audio>",ವಿಜ್ಞಾನ ಮತ್ತು ತಂತ್ರಜ್ಞಾನ ಕ್ಷೇತದಲ್ಲಿ ಪ್ರಗತಿಯೂ ಮನುಜನ ಜೀವನಶೈಲಿಗೆ ಅಮೂಲ್ಯ ಕೊಡುಗೆ ನೀಡುತ್ತಿದೆ ಎಂಬುದು ನಿಸ್ವಂಶಯ
"<audio controls src=""/content/converted_wavs/converted_wav_files/audio2.wav""></audio>",ಕರ್ನಾಟಕವು ತನ್ನ ಸಂವಿರ್ಧ ಸಂಸ್ಕೃತಿ ಐತಿಹಾಸಿಕ ಸ್ಮಾರಕಗಳು ಮತ್ತು ನೈಸರ್ಗಿಕ ಸೌಂದರ್ಯದಿಂದ ಪ್ರವಾಸಿಗರನ್ನು ಆಕರ್ಷಿಸುತ್ತಾದೆ
"<audio controls src=""/content/converted_wavs/converted_wav_files/audio33.wav""></audio>",ಸಮಾಜಿಕ ನಾಯವನ್ನು ಸಾಧಿಸಲು ಆಡಳಿತ ಯಂತ್ರವನ್ನು ಎಲ್ಲಾ ವರ್ಗದ ಜನರಿಗೆ ಸಮಾನಾವಕಾಶ ಮತ್ತು ಸೌಲಭಗಳನ್ನು ಒದಗಿಸಬೇಕು
"<audio controls src=""/content/converted_wavs/converted_wav_files/audio27.wav""></audio>",ವಿದ್ಯಾರ್ಥಿಗಳು ಅಧ್ಯಯನವನ್ನು ಕೇವಲ ಪರೀಕ್ಷೆಗೆ ಸೀಮಿತಿಗೊಳಿಸಿದೆ.ಜ್ಞಾನಾಭಿವೃದ್ಧಿಗಾಗಿ ಬಳಸದಾಗಲೇ ಅದು ನಿಜವಾದ ವಿದ್ಯೆಗಾಗಿ ರೂಪಗೊಳ್ಳುತ್ತದೆ
"<audio controls src=""/content/converted_wavs/converted_wav_files/audio15.wav""></audio>",ಗ್ರಾಮೀಣ ಪ್ರದೇಶಗಳಲ್ಲಿ ಶಿಕ್ಷಣದ ಮಟ್ಟ ಹೆಚ್ಚಿಸುವುದಕ್ಕಾಗಿ ಸರ್ಕಾರವು ಹಲವು ಯೋಜನೆಗಳನ್ನು ರೂಪಿಸಿ ಮಕ್ಕಳಿಗೆ ಉಚಿತ ವಿದ್ಯಾಭ್ಯಾಸವನ್ನು ಒದಗಿಸುತ್ತಿದೆ
"<audio controls src=""/content/converted_wavs/converted_wav_files/audio36.wav""></audio>",ಭಾರತದಲ್ಲಿ ನಡೆದ ಹದಿನೈದನೇ ಲೋಕರಿಸಬೇ ಚುನಾವಣೆಯಲ್ಲಿ ರಜಾಪ್ರಭೂತ್ವದ ಮೌಲ್ಯಗಳು ಮತ್ತು ಮದದಾರರ ಜಾಗರುತ್ತದೆ ಸ್ಪಷ್ಟವಾಗಿ ಕಾಣಿಸಿದೆ
"<audio controls src=""/content/converted_wavs/converted_wav_files/audio25.wav""></audio>",ನಮ್ಮ ಸಂಸ್ಕೃತಿಯಲ್ಲಿ ಹಿರಿಯರನ್ನು ಗೌರವಿಸುವುದು ಅವರ ಅನುಭವದಿಂದ ಪಾಟಗಳನ್ನು ಕಲಿಯುವುದು ಒಂದು ಅತ್ಯುತ್ತಮ ಮೌಲ್ಯಪೂರ್ಣ ಪರಂಪರೆಯ ಭಾಗವಾಗಿದೆ
"<audio controls src=""/content/converted_wavs/converted_wav_files/audio16.wav""></audio>",ಇಕ್ತೀಚಿನ ತಲೆಮಾರಿಗೆ ತಂತ್ರಜ್ಞಾನದಲ್ಲಿ ಬೆಳೆದುಬರುವ ಅವಕಾಶಗಳನ್ನು ಒರಿತು ಅದನ್ನು ಸಕಾರಾತ್ಮಕವಾಗಿ ಬಳಸುವ ಶಕ್ತಿಯು ಅತ್ಯವಶ್ಯಕವಾಗಿದೆ
"<audio controls src=""/content/converted_wavs/converted_wav_files/audio13.wav""></audio>",ವಿದ್ಯಾರ್ಥಿಗಳು ತಮ್ಮ ಭವಿಷ್ಯವನ್ನು ಉಜ್ವಲವಾಗಿಸಲು ಕಠಿಣ ಪರಿಶ್ರಮದ ಜೊತೆಗೆ ಸರಿಯಾದ ಮಾರ್ಗದರ್ಶನವು ಅಗತ್ಯವಾಗಿದೆ
"<audio controls src=""/content/converted_wavs/converted_wav_files/audio17.wav""></audio>",ನಾನು ಶಾಲೆಯಲ್ಲಿ ಕಲಿದ ನೈತಿಕ ಮೌಲ್ಯಗಳು ಮತ್ತು ಶಿಕ್ಷಕರ ಮಾರ್ಗದರ್ಶನವೇ ನನ್ನ ಜೀವನದ ದಿಕ್ಕನ್ನು ತೋರಿಸಿದ ಪ್ರಮುಖ ಕಾರಣಗಳಾಗಿವೆ
"<audio controls src=""/content/converted_wavs/converted_wav_files/audio29.wav""></audio>",ತಂತ್ರಜ್ಞಾನದ ವೇಗದ ಬೆಳವಣಿಗೆ ಜನರ ದಿನನಿತ್ಯದ ಬದುಕು ವಾಣಿಜ್ಯ ಆರೋಗ್ಯ ಮತ್ತು ಶಿಕ್ಷಣ ಕ್ಷೇತ್ರಗಳ ಮೇಲೆ ಬಹುಪಾಲು ಪ್ರಭಾವ ಬೀರುತ್ತದೆ
"<audio controls src=""/content/converted_wavs/converted_wav_files/audio12.wav""></audio>",ವಿಜ್ಞಾನ ಮತ್ತು ತಂತ್ರಜ್ಞಾನದ ಸಹಾಯದಿಂದ ಇಂದು ನಾವು ಅನೇಕ ದುರ್ಮುಖ್ಯ ಸಮಸ್ಯೆಗಳಿಗೆ ಸುಲಭವಾಗಿ ಪರಿಹಾರಗಳನ್ನು ಹುಡುಕಲು ಸಾಧ್ಯವಾಗುತ್ತಿದೆ
"<audio controls src=""/content/converted_wavs/converted_wav_files/audio24.wav""></audio>",ಯಾವುದೇ ಅಭಿವೃದ್ಧಿ ಯೋಜನೆಯು ಯಶಸ್ವಿಯಾಗಬೇಕಾದರೆ ಸ್ಥಳೀಯ ಸಮುದಾಯದ ಅಭಿಪ್ರಾಯ ಮತ್ತು ಅವಶ್ಯಕತೆಗಳನ್ನು ಗಮನದಲ್ಲಿಟ್ಟುಕೊಳ್ಳುವುದು ಅಗತ್ಯ
"<audio controls src=""/content/converted_wavs/converted_wav_files/audio4.wav""></audio>",ಇಂದು ನಾವು ಪರಿಸರ ಸಾಮ್ರಕ್ಷಣೆಯ ಕುರಿತು ಜಾಗೃತಿ ಮೂಡಿಸುವ ಅಗತ್ಯವಿದೆ ಏಕೆಂದರೆ ಪರಿಸರನಾಶವು ಭವಿಷ್ಯದ ತಲೆಮಾರಿಗೆ ಭೀಕರ ಪರಿಣಾಮ ಉಂಟು ಮಾಡುವುದು
"<audio controls src=""/content/converted_wavs/converted_wav_files/audio10.wav""></audio>",ನಮ್ಮ ಇತಿಹಾಸ ಮತ್ತು ಸಂಸ್ಥತೀಯ ಬಗ್ಗೆ ಅರಿವು ಹೊಂದಿರುವುದು ನಿಜವಾದ ದೇಶಭಕ್ತಿಗೆ ನಾಂದಿ ಹಾಡಿದಂತಾಗಿದೆ
"<audio controls src=""/content/converted_wavs/converted_wav_files/audio6.wav""></audio>",ಪುಸ್ತಕಗಳನ್ನು ಓದುವ ಅಭ್ಯಾಸವು ವ್ಯಕ್ತಿಯ ಬುದ್ಧಿವಂತಿಕೆ ಮತ್ತು ಚಿಂತನೆ ಶಕ್ತಿಯನ್ನು ಅಭಿವೃದ್ಧಿಪಡಿಸುವಲ್ಲಿ ಪ್ರಮುಖ ಪಾತ್ರ ವಹಿಸುತ್ತದೆ
"<audio controls src=""/content/converted_wavs/converted_wav_files/audio7.wav""></audio>",ಆಧುನಿಕ ಕಾಲದಲ್ಲಿ ತಂತ್ರಜ್ಞಾನವು ಬದಲಾಗುತ್ತಿರುವ ಬೇಡಿಕೆಗಳಿಗೆ ಅನುಗುಣವಾಗಿ ಎಲ್ಲ ಕ್ಷತ್ರಗಳಲ್ಲಿ ನೂತನ ಪರಿಹಾರಗಳನ್ನು ಒದಗಿಸುತ್ತಿದೆ
"<audio controls src=""/content/converted_wavs/converted_wav_files/audio48.wav""></audio>",ಸಾಮಾಜಿಕ ನ್ಯಾಯ ಮತ್ತು ಸರ್ವಜನಾಭಿವೃದ್ಧಿ ನಮ್ಮ ದೇಶದ ಸ್ಥಿರತೆಯ ಮುಖ್ಯ ಅಂಶಗಳಾಗಿವೆ
"<audio controls src=""/content/converted_wavs/converted_wav_files/audio47.wav""></audio>",ಜಲಸಂಪತ್ತಿನ ಸರಿಯಾದ ನಿರ್ವಹಣೆ ಮತ್ತು ಸಂರಕ್ಷಣೆಯಿಂದ ನಮ್ಮ ಭವಿಷ್ಯ ತಾಳ್ಮೆಯಿಂದ ಮತ್ತು ಜವಾಬ್ದಾರಿಯಿಂದ ತುಂಬಿರಬೇಕು
"<audio controls src=""/content/converted_wavs/converted_wav_files/audio30.wav""></audio>",ಇತ್ತೀಚಿನ ದಿನಗಳಲ್ಲಿ ಸಾಮಾಜಿಕ ಮಾಧ್ಯಮಗಳು ಪ್ರಭಾವ ಬೀರುತ್ತಿರುವುದರಿಂದ ಜಾಣಮಟ್ಟದಲ್ಲಿ ಮಾಹಿತಿ ಹಂಚಿಕೊಳ್ಳುವುದು ಮತ್ತು ಜವಾಬ್ದಾರಿ ಪೂರ್ವಕವಾಗಿ ವರ್ತಿಸುವುದು ಅವಶ್ಯಕವಾಗಿದೆ
"<audio controls src=""/content/converted_wavs/converted_wav_files/audio38.wav""></audio>",ಆಧುನಿಕ ತಂತರಜ್ಞಾನ ಬಳಸಿಕೊಂಡು ಗ್ರಾಮೀಣ ಪ್ರದೇಶಗಳಿಗೂ ಗುಣಮಟ್ಟದ ಶಿಕ್ಷಣ ಮತ್ತು ಆರೋಗ್ಯ ಸೌಲಭ್ಯಗಳನ್ನು ತಲುಪಿಸಲು ಸರ್ಕಾರ ಬದ್ಧವಾಗಿದೆ
"<audio controls src=""/content/converted_wavs/converted_wav_files/audio39.wav""></audio>",ಶಿಕ್ಷಣ ಕ್ಷೇತ್ರದಲ್ಲಿ ಸ್ಥಿರವಾದ ಬದಲಾವಣೆಗೆ ಪಾಕ್ಯಕ್ರಮದ ಪರೀಕರಣೆ ಶಿಕ್ಷಕರ ತರಬೇತಿ ಮತ್ತು ಮೂಲ ಸೌಕರ್ಯಗಳ ಅಭಿವೃದ್ಧಿ ಅನಿವಾರ್ಯವಾಗಿದೆ
"<audio controls src=""/content/converted_wavs/converted_wav_files/audio26.wav""></audio>",ವಿಜ್ಞಾನಿ ಅಲ್ಬರ್ಟ್ ಐನ್‌ಸ್ಟೈನ್ ಅವರು ಕಲ್ಪನೆ ಮತ್ತು ಕುತುಹಲವೇ ವಿಜ್ಞಾನ ಅಭಿವೃದ್ಧಿಗೆ ಇಂಧನವಾಗಿದೆ ಎಂಬುದಾಗಿ ತಮ್ಮ ಮಾತುಗಳಲ್ಲಿ ನುಡಿದಿದ್ದಾರೆ
"<audio controls src=""/content/converted_wavs/converted_wav_files/audio34.wav""></audio>",ವಿದ್ಯುನ್ಮಾನ ಮಾಧ್ಯಮಗಳ ಪ್ರಭಾವದಿಂದಾಗಿ ಜನರ ಅಭಿಪ್ರಾಯಗಳು ಮತ್ತು ಮನೋಭಾವಗಳಲ್ಲಿ ಕೂಡ ಶೀಘ್ರವಾಗಿ ಬದಲಾವನೆ ಕಾಣಿಸುತ್ತಿದೆ
"<audio controls src=""/content/converted_wavs/converted_wav_files/audio44.wav""></audio>",ಯಾವುದೇ ಅಭಿವೃದ್ಧಿ ಯೋಜನೆಯ ಯಶಸ್ಸು ಸ್ಥಳೀಯ ಜನತೆ ಮತ್ತು ಅಧಿಕಾರಿಗಳ ನಡುವೆ ಇರುವ ಸಮಾನ್ಯವಯ ಮತ್ತು ನಂಬಿಕೆ ಆಧಾರಿತವಾಗಿರುತ್ತದೆ
"<audio controls src=""/content/converted_wavs/converted_wav_files/audio37.wav""></audio>",ಪ್ರಕೃತಿ ಸಂರಕ್ಷಣೆಯ ಬಗ್ಗೆ ಮಕ್ಕಳಲ್ಲಿ ಅರಿವು ಮೂಡಿಸುವುದು ಅವರ ಭವಿಷ್ಯದಲ್ಲಿ ಪರಿಸರ ಪ್ರೈಮಿಗಳನ್ನು ರೂಪಿಸುವ ಪ್ರಮುಖ ಹೆಜ್ಜೆಯಾಗಬಹುದು
"<audio controls src=""/content/converted_wavs/converted_wav_files/audio35.wav""></audio>",ಭಾರತವು ತನ್ನ ವೈದ್ಯಮೆಯ ಸಂಸ್ಕೃತಿ ಭಾಷೆಗಳು ಮತ್ತು ಪರಂಪರಗಳ ಮೂಲಕ ಜಗತ್ತಿನಲಾದಂತಹ ಗಮನ ಸೆಳೆದ ದೇಶವಾಗಿಯೇ ಗುರುತಿಸಿಕೊಂಡಿದೆ
"<audio controls src=""/content/converted_wavs/converted_wav_files/audio9.wav""></audio>",ಇತ್ತೀಚಿನ ದಿನಗಳಲ್ಲಿ ವಾಹನಗಳ ಸಂಖ್ಯೆ ಹೆಚ್ಚಾಗುತ್ತಿರುವ ಕಾರಣ ರಸ್ತೆಗಳಲ್ಲಿ ಬಹಳಸ್ಸು ಸಂಚಾರದ ಅಡಚಣೆಗಳು ವಾಯುಮಾಲಿನ್ಯವು ಕಾಣಿಸಿಕೊಳ್ಳುತ್ತಿದೆ
"<audio controls src=""/content/converted_wavs/converted_wav_files/audio19.wav""></audio>",ನಮ್ಮ ದೇಶದ ಪ್ರಗತಿ ಸಂಪೂರ್ಣವಾಗಬೇಕಾದರೆ ನಮ್ಮ ಎಲ್ಲಾ ನಾಯಕರು ತಮ್ಮ ಹೊಣೆಗಾರಿಕೆಯನ್ನು ನಿಷ್ಟೆಯಿಂಗ್ದ ಪಾಲಿಸಬೇಕಾಗಿದೆ
"<audio controls src=""/content/converted_wavs/converted_wav_files/audio18.wav""></audio>",ಪಠ್ಯತ್ತರ ಚಟುವಟಿಕೆಗಳಲ್ಲಿ ಭಾಗವಹಿಸುವ ಮೂಲಕ ವಿದ್ಯಾರ್ಥಿಗಳು ತಮ್ಮಲ್ಲಿರುವ ರಚನಾತ್ಮಕ ಮತ್ತು ನಾಯಕತ್ವ ಗುಣಗಳನ್ನು ಅಭಿವೃದ್ಧಿಗೊಳಿಸಬಹುದು
"<audio controls src=""/content/converted_wavs/converted_wav_files/audio45.wav""></audio>",ಕಲೆ ಮತ್ತು ಸಾಹಿತ್ಯವು ಮಾನವ್ಯ ಮೌಲ್ಯಗಳನ್ನು ಬಳಸುವ ಜೊತೆ ಸಮಾಜದಲ್ಲಿ ಸಂವೇದನೆ ಮತ್ತು ಸಹನ ಭೂತಿಯ ವಾತಾವರಣವನ್ನು ಸೃಷ್ಟಿಸುತ್ತದೆ
"<audio controls src=""/content/converted_wavs/converted_wav_files/audio23.wav""></audio>",ಕೃಷಿ ಕ್ಷೇತ್ರದಲ್ಲಿ ತಾಂತ್ರಿಕ ಅಭಿವೃದ್ಧಿ ಸಂಭವಿಸಬೇಕು ಎಂದಾದರೆ ರೈತರಿಗೆ ನಿರಂತರವಾಗಿ ತರಬೇತಿ ನೀಡುವುದು ಮತ್ತು ಸಹಾಯ ಒದಗಿಸುವುದು ಬಹಳ ಮುಖ್ಯ
"<audio controls src=""/content/converted_wavs/converted_wav_files/audio32.wav""></audio>",ಪ್ರಾಕೃತಿಕ ಸಂಪತ್ತುಗಳನ್ನು ಸದುಪಯೋಗಪಡಿಸಿಕೊಳ್ಳುವೊದೊಂದಿಗೆ ಅವುಗಳ ಸಂರಕ್ಷಣೆಗೆ ಸೂಕ್ತವಾದ ಕ್ರಮಗಳನ್ನು ಕೈಗೊಳ್ಳುವುದು ನಮ್ಮೆಲ್ಲರ ಹೊಣೆಗಾರಿಕೆಯಾಗುತ್ತಿದೆ
"<audio controls src=""/content/converted_wavs/converted_wav_files/audio50.wav""></audio>",ದೇಶದ ಬೆಳವಣಿಗೆ ಯುವ ಜನತೆ ಶ್ರಮಿಸುವ ಮೂಲಕ ಜವಾಬ್ದಾರಿಯುತ ನಾಗರಿಕರಾಗಬೇಕಾಗಿದೆ
"<audio controls src=""/content/converted_wavs/converted_wav_files/audio40.wav""></audio>",ರಾಷ್ಟ್ರೀಯ ಏಕತೆ ಮತ್ತು ಸಮರಸ್ಯಕ್ಕೆ ಧರ್ಮಾ ಭಾಷೆ ಜಾತಿ ಮತ್ತು ಪಾಂತ್ಯದ ಭೇದಭಾವ ಮೀರಿದ ಮಾನವಿಯ ದೃಷ್ಟಿಕೋನವನ್ನು ಬೆಳೆಸಿಕೊಳ್ಳುವುದು ಅತ್ಯಾವಶ್ಯಕ
"<audio controls src=""/content/converted_wavs/converted_wav_files/audio28.wav""></audio>",ನಮ್ಮ ದೇಶದ ಭದ್ರತೆ ಮತ್ತು ಶಾಂತಿಗಾಗಿ ತನ್ನ ಜೀವನವನ್ನೆ ಅರ್ಪಿಸುವ ಸೈನಿಕರ ಬಲಿದಾನವನ್ನು ನಾವು ಯಾವತ್ತಿಗೂ ಮರೆಯಬಾರದು
"<audio controls src=""/content/converted_wavs/converted_wav_files/audio1.wav""></audio>",ನಣ್ಣಶಾಲೆಯು ಈ ವರ್ಷ ಹೊಸ ಪಠ್ಯಕ್ರಮವನ್ನು ಪ್ರಾರಂಭಿಸಿದ್ದು ವಿದ್ಯಾರ್ಥಿಗಳಿಗೆ ಹೊಸ ಚಿಂತನೆ ಮತ್ತು ಕಲಿಕೆಯ ವಿಧಾನಗಳನ್ನು ಪರಿಚಯಿಸುತ್ತಿದೆ
"<audio controls src=""/content/converted_wavs/converted_wav_files/audio22.wav""></audio>",ಈ ದಿನಗಳಲ್ಲಿ ಮಕ್ಕಳಿಗೆ ಸಮಯ ನಿರ್ವಹಣೆ ಸಮಸ್ಯೆ ಪರಿಹಾರ ಮತ್ತು ತಂಡದಲ್ಲಿ ಕೆಲಸ ಮಾಡುವ ಕೌಶಲ್ಯಗಳನ್ನು ಕಲಿಸುವುದು ಅಗತ್ಯವಾಗಿದೆ
